output_001|今天的天气真不错，阳光明媚。
output_002|你最近工作怎么样？一切都顺利吗？
output_003|这家餐厅的菜很好吃，下次我们再来。
output_004|周末要不要一起去看电影？
output_005|我刚买了一本新书，讲的是人工智能。
output_006|你觉得这个设计方案怎么样？
output_007|明天下午三点开会，别忘了。
output_008|最近在学习一门新的编程语言。
output_009|这个季节去哪里旅游比较好？
output_010|你的新发型很适合你。
output_011|我们公司最近在招聘新员工。
output_012|这个问题我想了很久，需要你的建议。
output_013|晚上要不要一起去吃火锅？
output_014|你看起来很累，要不要休息一下？
output_015|这个软件怎么用？能教教我吗？
output_016|明天要交报告，我得加班了。
output_017|你有什么周末计划吗？
output_018|这个蛋糕是我自己做的。
output_019|最近在看什么电视剧？
output_020|你觉得这个颜色怎么样？
output_021|这个季节的水果特别甜，营养价值也很高。
output_022|我们下周要去外地出差。
output_023|孩子的成绩进步很大。
output_024|这个季节要注意保暖。
output_025|你最近在健身吗？看起来瘦了。
output_026|这个项目预计什么时候完成？
output_027|我想报名参加摄影课程。
output_028|你觉得这个价格合理吗？
output_029|最近睡眠质量不太好。
output_030|这个周末要去参加婚礼。
output_031|你有推荐的电影吗？
output_032|这个菜的味道很特别。
output_033|明天要早起去赶火车。
output_034|你喜欢喝什么样的咖啡？
output_035|这个问题很难解决。
output_036|周末去超市买点东西。
output_037|你觉得这个主意怎么样？
output_038|最近在学习新的乐器。
output_039|这个地方风景很美。
output_040|你最近有什么新发现吗？
output_041|明天要交房租了。
output_042|这个季节水果特别甜。
output_043|你平时喜欢运动吗？
output_044|最近工作压力很大。
output_045|这个包很适合你。
output_046|你觉得这个计划可行吗？
output_047|明天要去见客户。
output_048|这个地方停车很方便。
output_049|你最近心情怎么样？
output_050|这个消息太突然了。
output_051|明天要去体检。
output_052|你觉得这个决定对吗？
output_053|最近在学习新技能。
output_054|这个问题需要讨论。
output_055|你有什么建议吗？
output_056|明天要准时到达。
output_057|这个季节很适合旅行。
output_058|你最近在读什么书？
output_059|这个方案需要改进。
output_060|明天要去开会。
output_061|你觉得这个想法如何？
output_062|最近在找新工作。
output_063|这个地方很安静。
output_064|你有什么心事吗？
output_065|明天要去面试。
output_066|这个问题很复杂。
output_067|你觉得怎么解决？
output_068|最近在学习英语。
output_069|这个决定很重要。
output_070|你有什么打算？
output_071|明天要去看医生。
output_072|这个季节要多运动。
output_073|你最近在忙什么？
output_074|这个建议很有用。
output_075|明天要去约会。
output_076|你觉得这样好吗？
output_077|最近在学习做饭。
output_078|这个机会难得。
output_079|你有什么想法？
output_080|明天要去旅行。
output_081|这个问题要慎重。
output_082|你觉得值得吗？
output_083|最近在看什么书？
output_084|这个决定要快点。
output_085|你有什么顾虑？
output_086|明天要去考试。
output_087|这个季节要注意。
output_088|你最近怎么样？
output_089|这个想法很好。
output_090|明天要去培训。
output_091|你觉得合适吗？
output_092|最近在学什么？
output_093|这个机会要把握。
output_094|你有什么疑问？
output_095|明天要去开会。
output_096|这个问题要解决。
output_097|你觉得如何？
output_098|最近在忙什么？
output_099|这个决定要谨慎。
output_100|你有什么想说？
output_101|明天要去见面。
output_102|这个季节很舒服。
output_103|你最近好吗？
output_104|这个建议不错。
output_105|明天要去学习。
output_106|你觉得可以吗？
output_107|最近在干什么？
output_108|这个机会很好。
output_109|你有什么打算？
output_110|明天要去工作。
output_111|这个问题要注意。
output_112|你觉得怎样？
output_113|最近在看什么？
output_114|这个决定要快。
output_115|你有什么想法？
output_116|明天要去玩。
output_117|这个季节要当心。
output_118|你最近如何？
output_119|这个想法不错。
output_120|明天要去忙。
output_121|你觉得行吗？
output_122|最近在学习。
output_123|这个机会难得。
output_124|你有什么说的？
output_125|明天要去办事。
output_126|这个问题重要。
output_127|你觉得好吗？
output_128|最近在忙啥？
output_129|这个决定对吗？
output_130|你有什么想问？
output_131|明天要去看看。
output_132|这个季节真好。
output_133|你最近好吗？
output_134|这个建议可行。
output_135|明天要去走走。
output_136|你觉得如何？
output_137|最近在干嘛？
output_138|这个机会要抓住。
output_139|你有什么想说？
output_140|明天要去聊聊。
output_141|这个问题要处理。
output_142|你觉得怎么样？
output_143|最近在忙什么？
output_144|这个决定要做。
output_145|你有什么建议？
output_146|明天要去看看。
output_147|这个季节不错。
output_148|你最近怎样？
output_149|这个想法很棒。
output_150|明天要去逛逛。
output_151|你觉得好不好？
output_152|最近在学什么？
output_153|这个机会不错。
output_154|你有什么想法？
output_155|明天要去谈谈。
output_156|这个问题要想想。
output_157|你觉得行不行？
output_158|最近在看什么？
output_159|这个决定要慎重。
output_160|你有什么打算？
output_161|明天要去玩玩。
output_162|这个季节很美。
output_163|你最近如何？
output_164|这个建议很好。
output_165|明天要去走走。
output_166|你觉得怎样？
output_167|最近在干什么？
output_168|这个机会很难得。
output_169|你有什么想说？
output_170|明天要去聊聊。
output_171|这个问题要解决。
output_172|你觉得好吗？
output_173|最近在忙什么？
output_174|这个决定要做。
output_175|你有什么建议？
output_176|明天要去看看。
output_177|这个季节真好。
output_178|你最近好吗？
output_179|这个想法不错。
output_180|明天要去逛逛。
output_181|你觉得如何？
output_182|最近在学什么？
output_183|这个机会要把握。
output_184|你有什么想法？
output_185|明天要去谈谈。
output_186|这个问题要处理。
output_187|你觉得怎样？
output_188|最近在看什么？
output_189|这个决定要快。
output_190|你有什么打算？
output_191|明天要去玩玩。
output_192|这个季节很美。
output_193|你最近如何？
output_194|这个建议很好。
output_195|明天要去走走。
output_196|你觉得好吗？
output_197|最近在干什么？
output_198|这个机会难得。
output_199|你有什么想说？
output_200|明天要去聊聊。
output_201|这个问题要解决。
output_202|你觉得行吗？
output_203|最近在忙什么？
output_204|这个决定要做。
output_205|你有什么建议？
output_206|明天要去看看。
output_207|这个季节真好。
output_208|你最近好吗？
output_209|这个想法不错。
output_210|明天要去逛逛。
output_211|你觉得如何？
output_212|最近在学什么？
output_213|这个机会要把握。
output_214|你有什么想法？
output_215|明天要去谈谈。
output_216|这个问题要处理。
output_217|你觉得怎样？
output_218|最近在看什么？
output_219|这个决定要快。
output_220|你有什么打算？
output_221|明天要去玩玩。
output_222|这个季节很美。
output_223|你最近如何？
output_224|这个建议很好。
output_225|明天要去走走。
output_226|你觉得好吗？
output_227|最近在干什么？
output_228|这个机会难得。
output_229|你有什么想说？
output_230|明天要去聊聊。
output_231|这个问题要解决。
output_232|你觉得行吗？
output_233|最近在忙什么？
output_234|这个决定要做。
output_235|你有什么建议？
output_236|明天要去看看。
output_237|这个季节真好。
output_238|你最近好吗？
output_239|这个想法不错。
output_240|明天要去逛逛。
output_241|你觉得如何？
output_242|最近在学什么？
output_243|这个机会要把握。
output_244|你有什么想法？
output_245|明天要去谈谈。
output_246|这个问题要处理。
output_247|你觉得怎样？
output_248|最近在看什么？
output_249|这个决定要快。
output_250|你有什么打算？
output_251|明天要去玩玩。
output_252|这个季节很美。
output_253|你最近如何？
output_254|这个建议很好。
output_255|明天要去走走。
output_256|你觉得好吗？
output_257|最近在干什么？
output_258|这个机会难得。
output_259|你有什么想说？
output_260|明天要去聊聊。
output_261|这个问题要解决。
output_262|今天的天气真不错，阳光明媚，让人心情愉悦。
output_263|我最近在学习一门新的编程语言，感觉很有趣。
output_264|请问这个周末你有什么安排吗？我们可以一起去公园散步。
output_265|这家餐厅的菜品非常美味，尤其是他们的招牌炖汤。
output_266|明天下午三点我们在会议室开个简短的项目讨论会。
output_267|春天来了，樱花开得特别漂亮，整条街都是粉色的。
output_268|这本书讲述了一个关于梦想与坚持的感人故事。
output_269|孩子们在操场上开心地玩耍，笑声传遍了整个校园。
output_270|我们公司最近在招聘新员工，需要有经验的软件工程师。
output_271|这个周末我打算去超市采购一些日常用品和食材。
output_272|昨天晚上我做了一个很奇妙的梦，现在还记忆犹新。
output_273|这个季节要注意保暖，早晚温差比较大容易感冒。
output_274|你的新发型很适合你，看起来更加精神了。
output_275|这个项目我们需要在下周五之前完成并提交报告。
output_276|音乐会的门票已经订好了，就在下周六晚上七点。
output_277|这道菜的做法不难，关键是火候要掌握得当。
output_278|我们应该珍惜时间，好好规划未来的人生道路。
output_279|这个地方的风景很美，适合拍照留念。
output_280|最近工作压力有点大，需要适当放松调节心情。
output_281|这款手机的性能很不错，拍照效果特别好。
output_282|明天是妈妈的生日，我准备给她一个惊喜。
output_283|这个问题我们需要认真讨论，找出最佳解决方案。
output_284|秋天的枫叶红得特别美，整片山林都染上了红色。
output_285|这个展览很有意思，展示了许多创新科技产品。
output_286|我们要学会珍惜身边的人，好好维护感情。
output_287|这个小区环境优美，周边配套设施也很完善。
output_288|运动对身体健康很重要，要养成规律锻炼的习惯。
output_289|这个故事告诉我们要勇于追求自己的梦想。
output_290|晚上的月亮特别圆，天空中繁星点点。
output_291|这个设计方案很有创意，充分考虑了用户需求。
output_292|我们要对未来充满信心，相信努力会有回报。
output_293|这个城市的夜景很美，灯光璀璨如同星河。
output_294|春雨绵绵，给大地带来了勃勃生机。
output_295|这个演讲让我受益匪浅，学到了很多东西。
output_296|我们要学会感恩，珍惜生活中的美好时光。
output_297|这个花园里种满了各种鲜花，香气四溢。
output_298|海边的日落很美，天空被染成了金色。
output_299|这个音乐很动听，旋律优美令人陶醉。
output_300|我们要保持乐观积极的心态面对生活。
